X,ols_pred,tsls_pred,div_pred,tabcf_pred
3.5,6.4940691298634245,5.247509473705204,5.90320190480967,6.380101621879287
3.5656567,6.527960244491005,5.308536663365862,5.95738572611589,6.401948087166067
3.631313,6.5618512360500185,5.36956363141891,6.01292574795081,6.419730207274465
3.6969697,6.5957423506776,5.4305908210795675,6.04956098009575,6.438652803553952
3.7626262,6.6296333422366125,5.491617789132617,6.11972211087826,6.457714003402464
3.8282828,6.663524456864194,5.552644978793273,6.15602617994737,6.478692118171717
3.8939395,6.697415571491776,5.613672168453931,6.17828275933102,6.498653994853515
3.959596,6.731306563050788,5.6746991365069785,6.22160671081934,6.520230020897443
4.0252523,6.765197554609801,5.735726104560028,6.30425394902359,6.541700537394393
4.090909,6.799088669237383,5.796753294220685,6.29472104466112,6.5615662918446285
4.1565657,6.832979783864964,5.857780483881342,6.30028544356728,6.584410352512718
4.2222223,6.866870898492545,5.918807673542,6.34356148747345,6.60234356135143
4.287879,6.900762013120127,5.979834863202656,6.41756470294404,6.6270688409819885
4.353535,6.934652881610571,6.040861609648097,6.47001442136604,6.651560831678389
4.419192,6.968543996238152,6.101888799308754,6.53833044235185,6.672960685818192
4.4848485,7.002435110865734,6.162915988969411,6.57526874915309,6.696126752385746
4.550505,7.036326225493315,6.223943178630068,6.63717773304461,6.721344303408775
4.6161613,7.070217093983759,6.284969925075509,6.66083113149403,6.743637427526153
4.681818,7.104108208611341,6.345997114736166,6.73131492822878,6.770965571620568
4.7474747,7.1379993232389225,6.407024304396823,6.74924886426943,6.793645028430856
4.8131313,7.171890437866503,6.46805149405748,6.83458579062119,6.827529050450477
4.878788,7.205781552494084,6.529078683718137,6.8536814431596,6.855589707143383
4.9444447,7.239672667121666,6.5901058733787945,6.89810872528692,6.877326295063552
5.010101,7.27356353561211,6.651132619824234,6.93446825935891,6.9034588041641936
5.0757575,7.307454650239691,6.712159809484892,6.98156203936345,6.932348208538386
5.141414,7.341345764867273,6.773186999145549,7.06147570069873,6.963111925697351
5.207071,7.375236879494855,6.8342141888062065,7.09440598848914,6.992517282739385
5.272727,7.409127747985299,6.895240935251646,7.14945419228217,7.024623568789644
5.3383837,7.44301886261288,6.956268124912303,7.20574840386466,7.059120911840616
5.4040403,7.476909977240462,7.01729531457296,7.22617869311717,7.101890331484508
5.469697,7.510801091868043,7.0783225042336175,7.25819143038985,7.141941441440518
5.5353537,7.544692206495624,7.1393496938942755,7.33151502639091,7.181620965657971
5.6010103,7.578583321123205,7.200376883554933,7.37213911015719,7.22476321399346
5.666667,7.612474435750787,7.26140407321559,7.45387615159644,7.266965214448503
5.732323,7.646365304241231,7.3224308196610295,7.4449461233482,7.318074310164574
5.79798,7.6802564188688125,7.383458009321687,7.54747569715284,7.36461341405426
5.863636,7.714147287359257,7.444484755767127,7.55034492954657,7.415219121736481
5.9292927,7.748038401986839,7.505511945427784,7.61135065702934,7.465179380753344
5.9949493,7.7819295166144205,7.5665391350884414,7.62645361798257,7.521134243335788
6.060606,7.815820631242001,7.627566324749099,7.71318280370296,7.574694103892651
6.1262627,7.849711745869582,7.688593514409756,7.75056340589637,7.627989321945455
6.1919193,7.883602860497163,7.749620704070413,7.8256142935003,7.687804219697722
6.257576,7.917493975124745,7.81064789373107,7.85050201809587,7.738064012913186
6.3232327,7.951385089752327,7.871675083391727,7.91902203878649,7.804540886235621
6.388889,7.98527595824277,7.932701829837168,7.96336989755769,7.86248835671791
6.4545455,8.019167072870353,7.993729019497825,7.97002395733533,7.927078756342903
6.5202017,8.053057941360796,8.054755765943264,8.07805304441431,7.9885587597635705
6.5858583,8.086949055988377,8.115782955603922,8.09190232754671,8.04959667244448
6.651515,8.12084017061596,8.176810145264579,8.18394521987098,8.11462283201389
6.7171717,8.15473128524354,8.237837334925237,8.23726546908637,8.176716534755965
6.7828283,8.188622399871122,8.298864524585895,8.24264626865913,8.235449807461507
6.848485,8.222513514498702,8.359891714246551,8.3081584679231,8.299627432236594
6.9141417,8.256404629126283,8.420918903907207,8.35255001427604,8.36688748836207
6.979798,8.290295497616729,8.481945650352648,8.38875029008018,8.441900586461283
7.0454545,8.324186612244311,8.542972840013306,8.44756809439265,8.51310534479306
7.111111,8.358077726871892,8.604000029673962,8.51486281653247,8.580931562849255
7.1767673,8.391968595362336,8.665026776119403,8.54462192628278,8.6514946045537
7.242424,8.425859709989918,8.72605396578006,8.60812377576497,8.721833317076271
7.3080807,8.4597508246175,8.787081155440717,8.69532083675134,8.787503356519927
7.3737373,8.49364193924508,8.848108345101373,8.67310513932141,8.855466428156275
7.439394,8.527533053872661,8.909135534762031,8.73401967249725,8.92015859098513
7.5050507,8.561424168500242,8.97016272442269,8.78247594649019,8.98579870418859
7.570707,8.595315036990687,9.031189470868128,8.84615591406781,9.039338842800033
7.6363635,8.629206151618268,9.092216660528786,8.88733195731515,9.086889435488573
7.70202,8.663097266245849,9.153243850189444,8.93909163726481,9.130871653050697
7.767677,8.696988380873432,9.2142710398501,8.97075399453423,9.176604304530562
7.8333335,8.730879495501012,9.275298229510756,9.0697936890681,9.216177125521074
7.8989897,8.764770363991456,9.336324975956199,9.09248837274752,9.257018585128275
7.9646463,8.798661478619039,9.397352165616855,9.15071268277876,9.297643774085456
8.030303,8.83255259324662,9.458379355277511,9.17906885407806,9.336119518946763
8.09596,8.8664437078742,9.51940654493817,9.21028989128403,9.375250093431022
8.161616,8.900334822501783,9.580433734598827,9.25489156504695,9.412358723462678
8.227272,8.934225444855091,9.641460037829049,9.35258853002609,9.44882778580883
8.292929,8.96811655948267,9.702487227489707,9.35364742049534,9.484645706065344
8.358585,9.002007674110253,9.763514417150365,9.40152265657496,9.51843771459203
8.424242,9.035898788737834,9.824541606811021,9.51785423790169,9.551194327342019
8.489899,9.069789903365415,9.885568796471677,9.5234516187754,9.5846467553762
8.555555,9.103681017992997,9.946595986132335,9.54836950892515,9.620523965446383
8.621212,9.137572132620576,10.007623175792993,9.62125368718354,9.65634468949978
8.686869,9.171463247248159,10.06865036545365,9.65624280406885,9.690714890534627
8.752525,9.20535436187574,10.129677555114306,9.71169524967429,9.71970676065136
8.818182,9.23924547650332,10.190704744774965,9.74532710902509,9.746652065672793
8.883839,9.273136591130903,10.251731934435622,9.79738865305027,9.7779012942763
8.949495,9.307027705758484,10.312759124096278,9.82921360316299,9.802830386416307
9.015152,9.340918820386065,10.373786313756934,9.9087126454193,9.832718683166288
9.080809,9.374809935013648,10.434813503417594,9.98160429696242,9.856738874637934
9.146465,9.408701049641227,10.49584069307825,9.98622042957349,9.882917846658344
9.212121,9.442591671994535,10.556866996308472,10.0743331539482,9.906894890811298
9.277778,9.476482786622118,10.617894185969131,10.1066086878044,9.929185765851242
9.343434,9.510373901249698,10.678921375629788,10.1073976780643,9.948905994660217
9.409091,9.54426501587728,10.739948565290444,10.1998644960678,9.970440979412022
9.474748,9.578156130504862,10.800975754951104,10.2103934141624,9.988993471324095
9.540403,9.61204675285817,10.862002058181325,10.2830026947565,10.006142132018766
9.60606,9.645937867485749,10.923029247841981,10.3355033802039,10.024323111307169
9.671717,9.679828982113332,10.984056437502641,10.3555683682316,10.041022907009074
9.737373,9.713720096740913,11.045083627163297,10.3858213060027,10.056267239669355
9.80303,9.747611211368493,11.106110816823954,10.4925974146074,10.072633765011188
9.868687,9.781502325996076,11.16713800648461,10.4962382669258,10.086204002051163
9.934343,9.815393440623657,11.22816519614527,10.5387006266653,10.106243453625623
10.0,9.849284555251238,11.289192385805926,10.6344965445584,10.116371562692686
