dgp_code,n_train,rho_eps,x,n_seed,core_vs_oracle_mean,core_vs_oracle_std,tabpfn_naive_vs_oracle_mean,tabpfn_naive_vs_oracle_std,independence_vs_oracle_mean,independence_vs_oracle_std,div_vs_oracle_mean,div_vs_oracle_std,tabpfn_real_vs_oracle_mean,tabpfn_real_vs_oracle_std,tabicl_vs_oracle_mean,tabicl_vs_oracle_std
DGP1_LINEAR,2000,0.6,0.0,10,0.28570344895625877,0.16208408713249572,1.0853205776530646,0.062454580184583046,0.5405120328782399,0.10221338595072416,0.15266597172894603,0.047732328001361575,0.23361831650293774,0.13648351091319205,0.18097240232184036,0.07071272358980529
DGP1_LINEAR,2000,0.6,0.25,10,0.25213507870984514,0.14397840810240772,0.9073800900644485,0.05682632127263907,0.536547056387944,0.09071879618023333,0.1462369296399045,0.05015732084815129,0.20967800178925228,0.12696270034410226,0.1668918396905094,0.06444412583590793
DGP1_LINEAR,2000,0.6,0.5,10,0.22064935527563723,0.10945115483906116,0.7338919943482879,0.059101100906931776,0.5034052693767389,0.06447921397447606,0.14897713579982672,0.0480920364036621,0.1788570339574071,0.09290199790299948,0.1561280974997715,0.07307555394756858
DGP1_LINEAR,2000,0.6,0.75,10,0.19099678938728892,0.10003868946599574,0.5851631076684557,0.04562297555972321,0.4880052493536676,0.055916784222683195,0.14268649968715164,0.057423135596202705,0.163067337587891,0.08250244295361953,0.16034067057416806,0.07559914256668368
DGP1_LINEAR,2000,0.6,1.0,10,0.17959522993715382,0.06748568924557889,0.46477080646325486,0.050237614763043885,0.46952467769127004,0.020463141437542874,0.15994147682450452,0.06876731442581684,0.15700064654787813,0.048670351414901544,0.15986932919830285,0.06506578482036114
DGP1_LINEAR,2000,0.6,1.25,10,0.1462156075856932,0.05065733928324875,0.3848019864969254,0.03678194425768909,0.46202825769727635,0.015948482708290426,0.16954410605341333,0.05827281952969046,0.13747582069919928,0.042111131000915576,0.13557661024399456,0.059983262318951756
DGP1_LINEAR,2000,0.6,1.5,10,0.13298410225597318,0.05363714416520076,0.3671417666417596,0.026863086067476137,0.458799171627161,0.010576023589384236,0.18906942925245773,0.06373461561512483,0.1328789792831672,0.04044249321404185,0.1441489201531306,0.0647528556371257
DGP1_LINEAR,2000,0.6,1.75,10,0.12821665507731816,0.040473320986785515,0.40256400130534187,0.03791162570633719,0.4560738918064776,0.011680807183858772,0.19416186177559694,0.07650675103389386,0.1413538938288867,0.047692309217561894,0.14727093401887587,0.059366964946615884
DGP1_LINEAR,2000,0.6,2.0,10,0.12796760055583345,0.04342537354336585,0.5017985779098822,0.04229076476124858,0.4639749478007629,0.018530227650402003,0.2130601389047168,0.07061405758744453,0.14692460023695858,0.05209344637336379,0.15761156744958815,0.06332613720405161
DGP1_LINEAR,2000,0.6,2.25,10,0.12418983260401399,0.03819061491298744,0.6120074835763152,0.0634054185130038,0.4549831511646504,0.0163379917729394,0.22671995211506943,0.07736017040408594,0.1416044671054252,0.04262059546196322,0.16554729333386345,0.06382487373702242
DGP1_LINEAR,2000,0.6,2.5,10,0.12877439147473363,0.03546530607610476,0.7764637803026908,0.06475138818982504,0.46505904376586227,0.020214661144418233,0.26284799176853596,0.06597367917829546,0.14658648105407507,0.04968875519297485,0.20384474284911963,0.07697518204707936
DGP1_LINEAR,2000,0.6,2.75,10,0.15730292800915163,0.04472003966557358,0.9371240584026543,0.060079319783190206,0.4739130066150638,0.023015470998185163,0.2785026138928289,0.07349841923764687,0.17568485544313614,0.060153213411208106,0.2362242971331939,0.09107450740327475
DGP1_LINEAR,2000,0.6,3.0,10,0.16086796367802111,0.05733559047481926,1.1091943627571204,0.07130796788589858,0.47601429579248367,0.01925341686970243,0.28552616494383043,0.09005621639958063,0.18554917736901252,0.07852418845136568,0.27239125106714157,0.11333849458763762
DGP3_PRE_ADDITIVE,2000,0.6,0.0,10,0.33493119263090226,0.03220860105586532,0.9115816896999751,0.08131074466187523,0.5861797032325767,0.026158990602102788,0.5336867257241663,0.025494801111659353,0.3501446844745789,0.0472612083463597,0.5050384685696784,0.05623744010263859
DGP3_PRE_ADDITIVE,2000,0.6,0.25,10,0.3015829213694263,0.03972991597786122,0.7216617480187829,0.10075065242659137,0.5652675094443042,0.03422805698050182,0.5382215818843682,0.026088196899522065,0.32450780495853015,0.056124384137332874,0.4677450711586502,0.05869600625147953
DGP3_PRE_ADDITIVE,2000,0.6,0.5,10,0.2699169215813417,0.03411062396972974,0.5267207404293113,0.1050028019152126,0.5240773469659205,0.030197139896882805,0.5575270251082193,0.029659860043279352,0.28797763365020473,0.04788075545393871,0.4277149256277947,0.0640015387979218
DGP3_PRE_ADDITIVE,2000,0.6,0.75,10,0.24687408626378984,0.03669887695202714,0.384134377024519,0.07947823678694667,0.48584889759061767,0.032730561143673106,0.5508355732105745,0.016048853295166678,0.25221244915448515,0.03772610082462059,0.3674854960628444,0.07226807575192294
DGP3_PRE_ADDITIVE,2000,0.6,1.0,10,0.24790635678418563,0.039485375478915195,0.33321073982522464,0.058270181285811073,0.44022501163032174,0.03126494004710464,0.5779601837160886,0.025883581628029475,0.247158212990824,0.04455221733236621,0.3479278716173052,0.07444810669975423
DGP3_PRE_ADDITIVE,2000,0.6,1.25,10,0.2744580900593034,0.030193002095974322,0.3289472199146055,0.06049237142107938,0.4290565152607864,0.031083817672396638,0.5917900350010019,0.04356842150748986,0.26651786308202624,0.027862626703726676,0.3521008332878985,0.08517368839480018
DGP3_PRE_ADDITIVE,2000,0.6,1.5,10,0.26392999558145935,0.034179140315623364,0.2861739499283267,0.0452564642973151,0.40723630275214767,0.03906303886883695,0.5738259886622074,0.04605700739454489,0.25545579200161594,0.037594307901941536,0.34588540189941475,0.06751301781493935
DGP3_PRE_ADDITIVE,2000,0.6,1.75,10,0.272065871516178,0.0477960404634272,0.2854752356625986,0.05528594889779577,0.40101180248689505,0.042828791955576526,0.5605930131028625,0.036306629862100676,0.2644475746582828,0.049440999679316346,0.34791678776542456,0.060547674697210285
DGP3_PRE_ADDITIVE,2000,0.6,2.0,10,0.27635994898219274,0.05150611305231038,0.2886808218399603,0.04111653744472795,0.4124951241111722,0.03755789773845429,0.5611348498066386,0.034297102189573894,0.2678809152777063,0.04533526700891262,0.3547767135653108,0.034180917074224625
DGP3_PRE_ADDITIVE,2000,0.6,2.25,10,0.2727994381839086,0.03323234247570197,0.3313658866497687,0.07447883784352656,0.4481706477429214,0.024664783212456846,0.550845462420411,0.02633170174179573,0.274676635523206,0.03712973645388474,0.3600918732066516,0.03753297225240623
DGP3_PRE_ADDITIVE,2000,0.6,2.5,10,0.2804599896973974,0.03700284389079279,0.4782658440919795,0.08791203560466201,0.4898735119337336,0.027604622155388118,0.5396706056002193,0.02883022698894333,0.3094005223978221,0.05991108057806412,0.40213547241410746,0.043269397669252856
DGP3_PRE_ADDITIVE,2000,0.6,2.75,10,0.3049971913714584,0.04717790132920067,0.6697437017662278,0.10891319176553393,0.5388484291357294,0.030008964409899398,0.5436256375264599,0.02380109933492497,0.34380799475668744,0.07577497016748204,0.4533904985904466,0.05238960089368741
DGP3_PRE_ADDITIVE,2000,0.6,3.0,10,0.3253798814111646,0.04722908159476705,0.8747487339178521,0.10087830926545238,0.5726797497801971,0.03073480387706216,0.5292615916451294,0.018968539832785746,0.375445158806601,0.07525508908041223,0.4969882414484851,0.07282290658999042
DGP4_PIECEWISE,2000,0.6,0.0,10,0.11997431346003477,0.03993332225586856,0.44945726942702907,0.036591233054173944,0.29911959305733327,0.02252787106683192,0.1616670496203159,0.017057495108198976,0.10106604325102198,0.035839059937502006,0.14924202694877728,0.02360142008042247
DGP4_PIECEWISE,2000,0.6,0.25,10,0.09811823662497476,0.0432267282715977,0.38591497753904414,0.045346758076692195,0.28588073027770794,0.022859453102865038,0.16137945721581234,0.021808217546389477,0.108534286967596,0.04729219723943123,0.14099716848837637,0.01798446411315665
DGP4_PIECEWISE,2000,0.6,0.5,10,0.09100071001730699,0.037287021114441814,0.2743369475750419,0.04113786922619142,0.2790199853479976,0.01901889199100664,0.1468236051188504,0.017978358458671597,0.08582134056542742,0.04130618331318179,0.11487266161012259,0.02055010718048199
DGP4_PIECEWISE,2000,0.6,0.75,10,0.07982235504122678,0.03383880765070312,0.166277785502066,0.03587756418505591,0.26233441825736314,0.012958653513383045,0.14530873614223966,0.011092452645189923,0.07390628046876643,0.03174212043695382,0.10805512787436297,0.019940850192344286
DGP4_PIECEWISE,2000,0.6,1.0,10,0.0710427182838049,0.029718609545350234,0.10280856912749878,0.01564770552452085,0.241365781464533,0.012877312067041388,0.14207285916649898,0.012306363155001259,0.07243736157155335,0.029477701816431747,0.10134229948928579,0.016954408925327624
DGP4_PIECEWISE,2000,0.6,1.25,10,0.06905172188006116,0.02254426680637832,0.09704747306383568,0.020210167363259063,0.23220566717715596,0.017716822119450273,0.147996344441901,0.01781416529104346,0.07236611074460239,0.030285479730146836,0.09431898778145928,0.021747482021995963
DGP4_PIECEWISE,2000,0.6,1.5,10,0.06031923782755723,0.014372317328394403,0.11491849133735363,0.02879147207997944,0.20361189931005969,0.019875990329629396,0.13931380290889023,0.018653055901433544,0.07019631039828882,0.016256637016232818,0.0825297021130743,0.02132797058098671
DGP4_PIECEWISE,2000,0.6,1.75,10,0.06830641750369212,0.024792250098021985,0.13497428341949053,0.039446208605654634,0.18724837098654365,0.0063713545962716745,0.14030456764963065,0.02364881616336095,0.06624516214684156,0.028099594492234887,0.09539987684238976,0.024803098240889793
DGP4_PIECEWISE,2000,0.6,2.0,10,0.061563529999910535,0.01826453832419845,0.15427229993099642,0.020750981839058387,0.167166597577493,0.01116023162215689,0.1364227279739038,0.022887809052772906,0.05844342662783971,0.02445959789736483,0.09747751190797863,0.027749119613436457
DGP4_PIECEWISE,2000,0.6,2.25,10,0.06034148966208176,0.03539591222553874,0.16266692527589371,0.03222938114000462,0.15950531201865487,0.025474312814100116,0.13555106360131303,0.029181945350296383,0.06070087819335317,0.028824031733144843,0.11113644685508894,0.04846087559091368
DGP4_PIECEWISE,2000,0.6,2.5,10,0.06027155088967111,0.024591491152327193,0.19398259714516872,0.01631972296176892,0.14021646356903691,0.012025671126053726,0.12691653664198857,0.02056884085140875,0.05051584246347447,0.019131909844385585,0.11736197312895966,0.042909747089872746
DGP4_PIECEWISE,2000,0.6,2.75,10,0.05474310610198405,0.017968350189708746,0.21597926066954037,0.026351390564310687,0.13697220613473643,0.012368116011333932,0.11616705697825716,0.029404274937437462,0.055924995063191985,0.019328600391876914,0.13388824978930358,0.042146564029798904
DGP4_PIECEWISE,2000,0.6,3.0,10,0.07990491554691201,0.03959913043207296,0.23183562403939204,0.026098991664086447,0.1455931282118395,0.026637876241933336,0.105392727545749,0.02363562356785902,0.07650611629734698,0.03405963006858863,0.15425110818858873,0.05793774022224586
DGP5_SOFTPLUS,2000,0.6,0.0,10,0.13978611702604674,0.0551327196197185,0.48672177663160526,0.0342112464836385,0.27438598661238517,0.05626371821723448,0.1590752980615763,0.031003747717558594,0.13575561807988704,0.04510949380558498,0.2399027092843558,0.12033579117754745
DGP5_SOFTPLUS,2000,0.6,0.25,10,0.11995165003605797,0.05203672891413478,0.4965290439962434,0.035768247948348326,0.27099876402472545,0.026490722676679415,0.14595917145241516,0.037834438927838866,0.13212429188778801,0.06821010394796863,0.20958106089881454,0.08497528219433914
DGP5_SOFTPLUS,2000,0.6,0.5,10,0.11566783023922662,0.0600315172910653,0.43052630074996595,0.05098066370880503,0.29587075061626766,0.023116369522642823,0.1345508901765683,0.03705948953459829,0.12157508549106441,0.07402117329488683,0.16146653834420294,0.06341856006032179
DGP5_SOFTPLUS,2000,0.6,0.75,10,0.11360729043621487,0.039252642175989214,0.336151270828427,0.05689581049453889,0.3136127798243804,0.014735055358648901,0.14173527195790886,0.04986521845944839,0.11594742509353526,0.05535987836793471,0.14162129417152586,0.0645131420101533
DGP5_SOFTPLUS,2000,0.6,1.0,10,0.10027070261728169,0.03225383530739786,0.24411918990036147,0.05608205515311844,0.3399435021778155,0.014450516193967398,0.12089709830513348,0.03533823794780575,0.13006475082002664,0.05053597087093576,0.13300668710914162,0.05198003838352677
DGP5_SOFTPLUS,2000,0.6,1.25,10,0.12794805011126115,0.053560003683545,0.22636529010766565,0.07282085242140343,0.37609165213966866,0.028920178530647773,0.14920447259745634,0.06456186893175642,0.1365556093856865,0.055957534098204156,0.1179155072515756,0.044142065198417686
DGP5_SOFTPLUS,2000,0.6,1.5,10,0.10566245468001392,0.03524420780507003,0.17163524365435995,0.04418264250059329,0.38005229176356303,0.018611494333501625,0.13237686246261146,0.05143308782587086,0.11630612286378192,0.05166853225856563,0.1061215001854354,0.04107027988457193
DGP5_SOFTPLUS,2000,0.6,1.75,10,0.13248395064073992,0.03424152460394513,0.1762445480654743,0.047574625917016285,0.3999844407046432,0.016547975732910756,0.1551978231024737,0.05570956309741814,0.1346503876965637,0.024431896699841364,0.12604921403697608,0.050132175447948624
DGP5_SOFTPLUS,2000,0.6,2.0,10,0.12167950731400515,0.0502369771295245,0.20833364026845458,0.03143492792983235,0.3999893142710456,0.025876429426804768,0.15311140919956542,0.053962384511251286,0.11250211494838706,0.03753677131294637,0.1294299224567789,0.051610169569230306
DGP5_SOFTPLUS,2000,0.6,2.25,10,0.12900416082194283,0.07197016398463792,0.28607606534383134,0.059569214156108025,0.4287368609326296,0.03290997876700764,0.17215600640067147,0.05295127439118173,0.12722329797789098,0.052942447964787934,0.14826793844289182,0.0661348197262684
DGP5_SOFTPLUS,2000,0.6,2.5,10,0.12241280225571924,0.04835291365238398,0.4487452022006533,0.04882112137645109,0.41553026845983376,0.026614191633629075,0.1638097558200156,0.05626342068460717,0.10852224091955895,0.03249829302678885,0.15125803060124365,0.07009366868970397
DGP5_SOFTPLUS,2000,0.6,2.75,10,0.12332900603001626,0.0353363871113249,0.6012861695614746,0.10005063181691545,0.4291404801218083,0.02342927584178579,0.17043695475147064,0.05595078084020065,0.10937273530548126,0.027443409729438352,0.17042420652135828,0.07667045831632786
DGP5_SOFTPLUS,2000,0.6,3.0,10,0.16756044111304688,0.0672909667664287,0.7161955188959521,0.10606630506869005,0.44933152926234926,0.02702669852039706,0.17605527814716931,0.07132057570376629,0.1434054980528442,0.04047380354112356,0.21628154482151749,0.10756890506678805
