X,ols_pred,tsls_pred,div_pred,tabcf_pred_tabpfn,tabcf_pred_tabicl
4.369024213829014,5.014083321854244,5.008491080609952,4.93662324896975,4.958210479189247,4.939192311443304
4.376032399079967,5.006019455919843,5.000556234085183,4.92889125825312,4.953753269328079,4.934802069102511
4.383040584330921,4.997955589985441,4.992621387560412,4.92127051316269,4.94814935880874,4.929777968474018
4.390048769581874,4.9898917240510405,4.984686541035642,4.92510061123209,4.945127586668262,4.924316333596075
4.397056954832828,4.981827858116639,4.976751694510872,4.91884710144313,4.936292871007899,4.918784427182498
4.404065140083781,4.9737639921822385,4.968816847986102,4.91089292196191,4.932130550010463,4.91334366425687
4.411073325334735,4.965700126247837,4.960882001461332,4.91118912409803,4.92717164041594,4.9079470896197455
4.418081510585688,4.9576362603134365,4.952947154936562,4.90318822669725,4.918968737850225,4.902519356635034
4.425089695836642,4.949572394379035,4.945012308411791,4.89723395058241,4.910215769943699,4.897041085040704
4.4320978810875955,4.9415085284446345,4.937077461887022,4.88814614737596,4.906160328923747,4.891552659273183
4.4391060663385495,4.933444662510233,4.9291426153622515,4.88454778626253,4.903849902119844,4.8861014642283145
4.446114251589503,4.9253807965758325,4.9212077688374825,4.87546622842591,4.8957798364207985,4.880735912565871
4.453122436840457,4.917316930641431,4.913272922312712,4.87069137675841,4.889994528304638,4.87547615632924
4.46013062209141,4.9092530647070305,4.905338075787942,4.87183913530324,4.886582301234279,4.870161750337644
4.467138807342364,4.901189198772629,4.897403229263172,4.85721243144067,4.876666065983628,4.864627220421688
4.474146992593317,4.8931253328382285,4.889468382738402,4.85651410228443,4.872170462257153,4.858999238008849
4.481155177844271,4.885061466903827,4.881533536213632,4.85391784520892,4.867376253246507,4.853479966209241
4.488163363095224,4.8769976009694265,4.873598689688862,4.84490949316763,4.861972654912695,4.848282325283445
4.495171548346178,4.868933735035025,4.865663843164091,4.83726415068703,4.854523048373051,4.843405053221182
4.502179733597131,4.8608698691006245,4.857728996639322,4.83234921343496,4.848329060823392,4.8386254650683655
4.5091879188480855,4.852806003166223,4.849794150114551,4.82097982987591,4.843589442716139,4.833900836297669
4.516196104099039,4.8447421372318225,4.841859303589782,4.82404279297289,4.8365053630198815,4.828769245862382
4.523204289349993,4.836678271297421,4.833924457065011,4.81359601768332,4.831955635018864,4.822685151713036
4.530212474600946,4.8286144053630204,4.825989610540241,4.81211376514391,4.823114557422976,4.816353212276752
4.5372206598519,4.820550539428619,4.818054764015471,4.7992362008683,4.815117480523918,4.8102591424076415
4.544228845102853,4.812486673494218,4.8101199174907014,4.80153012806061,4.8090274134295585,4.80530458359976
4.551237030353807,4.804422807559816,4.8021850709659315,4.78986937136379,4.80307305859013,4.801242250729768
4.55824521560476,4.7963589416254155,4.794250224441162,4.78788483215468,4.796790007360742,4.795794401178793
4.565253400855714,4.788295075691014,4.786315377916391,4.77246451482203,4.786945618174018,4.78758889839871
4.572261586106667,4.7802312097566135,4.778380531391622,4.77229678980719,4.780995034570719,4.779412149669377
4.579269771357621,4.772167343822212,4.770445684866851,4.77328461298603,4.7758520862308025,4.774063304566
4.5862779566085745,4.7641034778878115,4.762510838342082,4.75711705317621,4.766660210893926,4.769179819147006
4.5932861418595285,4.75603961195341,4.754575991817311,4.75500197475051,4.760717334211028,4.763876648178136
4.600294327110482,4.7479757460190095,4.746641145292541,4.74885100624454,4.75097868048287,4.758157713200157
4.607302512361436,4.739911880084608,4.738706298767771,4.7412102636969,4.744643262378332,4.751829749063032
4.614310697612389,4.7318480141502075,4.730771452243001,4.73758097369742,4.733414518166914,4.744473800294578
4.621318882863343,4.723784148215806,4.722836605718231,4.71895826982353,4.727644416296079,4.735713426454397
4.628327068114296,4.7157202822814055,4.714901759193461,4.71680054390128,4.719115818939091,4.722564803034872
4.63533525336525,4.707656416347004,4.70696691266869,4.71568271112875,4.7101845263188284,4.718217443518686
4.642343438616203,4.6995925504126035,4.699032066143921,4.70704626819479,4.701844931161486,4.711743441307021
4.649351623867157,4.691528684478202,4.6910972196191505,4.69809391212908,4.700921387483303,4.703423135629486
4.65635980911811,4.6834648185438015,4.683162373094381,4.68834947455238,4.693018407468965,4.6931560947540225
4.6633679943690645,4.6754009526094,4.675227526569611,4.68179720430684,4.686998508058657,4.682638053390528
4.670376179620018,4.6673370866749995,4.6672926800448415,4.67991783118352,4.681346477768345,4.675506434068825
4.677384364870972,4.659273220740598,4.659357833520071,4.6746647160905,4.670860752844129,4.673383547278896
4.684392550121925,4.6512093548061975,4.651422986995301,4.66503384338459,4.6628721356792715,4.6738311466863385
4.691400735372879,4.643145488871796,4.643488140470531,4.66008078398776,4.651439740936258,4.668122174381091
4.698408920623832,4.6350816229373955,4.635553293945761,4.6526217840567,4.6433333650424755,4.645742768729512
4.705417105874786,4.627017757002994,4.62761844742099,4.6447302421157,4.634922665575722,4.629383202468908
4.712425291125739,4.618953891068593,4.619683600896221,4.64181393615631,4.627610999753079,4.618653353361506
4.719433476376693,4.610890025134191,4.61174875437145,4.62815807654211,4.616986598475545,4.604758632369878
4.726441661627646,4.6028261591997905,4.603813907846681,4.61270116596196,4.605427302268868,4.593556180786241
4.7334498468786,4.594762293265389,4.59587906132191,4.62549915320813,4.598765977454525,4.583837301998443
4.7404580321295535,4.5866984273309885,4.587944214797141,4.60580889871104,4.588039095427157,4.573575964648054
4.747466217380508,4.578634561396587,4.58000936827237,4.60473686243598,4.575784273323669,4.561206004256179
4.754474402631461,4.5705706954621865,4.5720745217476,4.58375524690241,4.568120916083974,4.545843993628451
4.761482587882415,4.562506829527785,4.5641396752228305,4.58326402748839,4.555019003540966,4.53121633085345
4.768490773133368,4.5544429635933845,4.5562048286980605,4.58194590045089,4.547718355492144,4.518760868978832
4.775498958384322,4.546379097658983,4.54826998217329,4.57132891646419,4.539236658021507,4.508989816796197
4.782507143635275,4.5383152317245825,4.540335135648521,4.56182819476039,4.535025050982306,4.499979316556356
4.789515328886229,4.530251365790181,4.53240028912375,4.55157005622928,4.526472880559277,4.491005479501059
4.796523514137182,4.5221874998557805,4.524465442598981,4.54566186184917,4.518070321030659,4.48297712649923
4.803531699388136,4.514123633921379,4.51653059607421,4.53627883212186,4.512409303715809,4.47546723299296
4.810539884639089,4.5060597679869785,4.508595749549441,4.5325660913617,4.506549310338287,4.468409332031495
4.8175480698900435,4.497995902052577,4.50066090302467,4.53731521290884,4.494912721194027,4.461421587520955
4.824556255140997,4.4899320361181765,4.4927260564999,4.51868235429272,4.492447212068996,4.4545438297776485
4.831564440391951,4.481868170183775,4.48479120997513,4.50925890613725,4.484594261401825,4.447892658216022
4.838572625642904,4.4738043042493745,4.47685636345036,4.50272769815309,4.477513863922758,4.4414056538984115
4.845580810893858,4.465740438314973,4.46892151692559,4.49697572879306,4.472668805077927,4.435068333071108
4.852588996144811,4.4576765723805725,4.46098667040082,4.49265690305395,4.466351665620618,4.428871527624842
4.859597181395765,4.449612706446171,4.4530518238760495,4.47589031359985,4.459085355496694,4.4228172433052
4.866605366646718,4.4415488405117705,4.44511697735128,4.47862104240002,4.4518764650929,4.416941933385763
4.873613551897672,4.433484974577369,4.43718213082651,4.47414124401746,4.447915297093819,4.411297102126042
4.880621737148625,4.4254211086429684,4.4292472843017405,4.45720215314335,4.438363186273202,4.405883408656053
4.887629922399579,4.417357242708566,4.42131243777697,4.44786784965325,4.430424193824204,4.40063857880307
4.8946381076505325,4.409293376774166,4.4133775912522,4.44564691344612,4.427513229026172,4.395539067827406
4.901646292901487,4.401229510839764,4.40544274472743,4.43704265710823,4.4244868290347465,4.39069202754729
4.90865447815244,4.3931656449053635,4.39750789820266,4.42953083427155,4.416210051729364,4.386295785435536
4.915662663403394,4.385101778970962,4.38957305167789,4.42742866699912,4.410645418448105,4.382332082677946
4.922670848654347,4.3770379130365615,4.38163820515312,4.41721550187792,4.409097515714228,4.378569963135249
4.929679033905301,4.36897404710216,4.373703358628349,4.40604773838528,4.402135969586464,4.37488416891815
4.936687219156254,4.3609101811677595,4.36576851210358,4.40483617181454,4.3952264915828385,4.3712440907370045
4.943695404407208,4.352846315233358,4.357833665578809,4.39339181515471,4.39095060662473,4.367634871714766
4.950703589658161,4.3447824492989575,4.34989881905404,4.38737677299053,4.382874865907246,4.364028807143311
4.957711774909115,4.336718583364556,4.341963972529269,4.37594807542656,4.37931924386555,4.360381868479529
4.9647199601600684,4.3286547174301555,4.334029126004499,4.36794399202876,4.3783087198974195,4.35665470994499
4.9717281454110225,4.320590851495754,4.3260942794797295,4.36031313966151,4.367347478077332,4.352865159569352
4.978736330661976,4.3125269855613535,4.3181594329549595,4.35779429240137,4.365729169322918,4.349116467596675
4.98574451591293,4.304463119626952,4.31022458643019,4.34919904480053,4.361533547085073,4.345414147684289
4.992752701163883,4.2963992536925515,4.30228973990542,4.32634895841703,4.356861520527409,4.3417445291213355
4.999760886414837,4.28833538775815,4.294354893380649,4.3389891571964,4.351646756414328,4.338335125437454
5.00676907166579,4.2802715218237495,4.28642004685588,4.31933281739612,4.347534470156169,4.335329902985117
5.013777256916743,4.272207655889349,4.27848520033111,4.3079482924032,4.340877796847125,4.332711344343133
5.020785442167697,4.2641437899549475,4.27055035380634,4.31045194775668,4.335966672090965,4.3303553185076185
5.027793627418651,4.256079924020546,4.262615507281569,4.30479532128914,4.3295045490413235,4.328121870142599
5.034801812669604,4.2480160580861455,4.254680660756799,4.29175363366075,4.327655567221562,4.3259115016417935
5.0418099979205575,4.239952192151745,4.24674581423203,4.28266451498804,4.321464572475638,4.323679119316414
5.0488181831715115,4.2318883262173435,4.238810967707259,4.27522765023699,4.316804617867919,4.321415365192136
5.055826368422466,4.223824460282941,4.230876121182489,4.27394896474014,4.31167961496056,4.31909277313713
5.062834553673419,4.2157605943485414,4.222941274657719,4.25920812154462,4.308573679161513,4.316688211515894
